{
  "run_id": "dc9e01de-646c-44e2-9510-e23e3a4627bc",
  "steps": 20,
  "dt": 0.01,
  "num_joints": 4,
  "avg_step_time_ms": 0.005984306335449219,
  "total_time_s": 0.00011968612670898438,
  "q_plugin_used": false,
  "use_residual": false,
  "reality_profile": "default",
  "end_effector_position": [
    0.44777743043647217,
    0.0,
    0.19443731674736817
  ],
  "total_joint_travel_rad": 0.1396,
  "physics_engine": "pybullet"
}