{
  "run_id": "dd389e78-b4d3-44da-b5f0-86fb2a9f207a",
  "steps": 200,
  "dt": 0.01,
  "num_joints": 4,
  "avg_step_time_ms": 0.024679899215698242,
  "total_time_s": 0.0049359798431396484,
  "q_plugin_used": false,
  "use_residual": false,
  "reality_profile": "noisy_outdoor",
  "end_effector_position": [
    0.36333417141634067,
    0.0,
    0.0
  ],
  "total_joint_travel_rad": 6.1412,
  "physics_engine": "pybullet"
}