{
  "run_id": "6f9f5a12-2193-4c91-baaa-f8393d3182ca",
  "steps": 10,
  "avg_step_time_ms": 0.002002716064453125,
  "total_time_s": 2.002716064453125e-05,
  "q_plugin_used": false,
  "use_residual": false,
  "reality_profile": null
}