{
  "run_id": "1ff85ef7-ad24-4734-833b-00ce02d57a23",
  "steps": 200,
  "dt": 0.01,
  "num_joints": 4,
  "avg_step_time_ms": 0.6927764415740967,
  "total_time_s": 0.13855528831481934,
  "q_plugin_used": true,
  "use_residual": false,
  "reality_profile": "high_fidelity_lab",
  "end_effector_position": [
    0.2884603038201258,
    0.0,
    0.47845979984820586
  ],
  "total_joint_travel_rad": 6.6577,
  "physics_engine": "pybullet"
}