{
  "run_id": "aa529396-1fb2-479f-8944-fb9d5158d785",
  "steps": 15,
  "dt": 0.01,
  "num_joints": 4,
  "avg_step_time_ms": 0.00743865966796875,
  "total_time_s": 0.00011157989501953125,
  "q_plugin_used": false,
  "use_residual": false,
  "reality_profile": "default",
  "end_effector_position": [
    0.4491878663402072,
    0.0,
    0.17685026753840824
  ],
  "total_joint_travel_rad": 0.0811,
  "physics_engine": "pybullet"
}