{
  "run_id": "a02a3c34-5883-47ef-815e-c5e755f4cf2c",
  "steps": 10,
  "avg_step_time_ms": 0.0015735626220703125,
  "total_time_s": 1.5735626220703125e-05,
  "q_plugin_used": false,
  "use_residual": false,
  "reality_profile": null
}