{
  "run_id": "b6d18f43-ca12-4653-a3a1-d482c05def36",
  "steps": 50,
  "avg_step_time_ms": 0.003376007080078125,
  "total_time_s": 0.00016880035400390625,
  "q_plugin_used": false,
  "use_residual": false,
  "reality_profile": null
}