{
  "run_id": "1bd7b9b9-7967-448e-9896-da9545031e46",
  "steps": 200,
  "dt": 0.01,
  "num_joints": 4,
  "avg_step_time_ms": 0.01530766487121582,
  "total_time_s": 0.003061532974243164,
  "q_plugin_used": false,
  "use_residual": false,
  "reality_profile": "default",
  "end_effector_position": [
    0.29060406860186494,
    0.0,
    0.4789391689183972
  ],
  "total_joint_travel_rad": 6.7233,
  "physics_engine": "pybullet"
}