{
  "run_id": "66d8b34c-2ae7-42ed-a1e9-5455b872d953",
  "steps": 50,
  "avg_step_time_ms": 0.002651214599609375,
  "total_time_s": 0.00013256072998046875,
  "q_plugin_used": false,
  "use_residual": false,
  "reality_profile": null
}