{
  "run_id": "3fb63037-7f9d-4a38-be57-d15086ccb04f",
  "steps": 15,
  "dt": 0.01,
  "num_joints": 4,
  "avg_step_time_ms": 0.0068823496500651045,
  "total_time_s": 0.00010323524475097656,
  "q_plugin_used": false,
  "use_residual": false,
  "reality_profile": "default",
  "end_effector_position": [
    0.4491878663402072,
    0.0,
    0.17685026753840824
  ],
  "total_joint_travel_rad": 0.0811,
  "physics_engine": "pybullet"
}