{
  "run_id": "25d7e642-a8e5-4fb1-8602-eb7267f23fa1",
  "steps": 10,
  "avg_step_time_ms": 0.0018835067749023438,
  "total_time_s": 1.8835067749023438e-05,
  "q_plugin_used": false,
  "use_residual": false,
  "reality_profile": null
}