{
  "run_id": "batch_da3724c89f06__default__ep0",
  "config": {
    "urdf_path": "examples/simple_robot.urdf",
    "steps": 10,
    "dt": 0.01,
    "seed": 42,
    "use_q_plugin": false,
    "use_residual": false,
    "reality_profile": null,
    "physics_config": {
      "gravity": [
        0,
        0,
        -9.770526394188128
      ],
      "friction": 0.4877756879504105,
      "restitution": 0.04292989599556912,
      "timestep": 0.01
    },
    "sensors_config": {
      "latency_steps": 1,
      "noise_scale": 0.006412660218314743,
      "camera_degrade": false
    },
    "gap_knobs": {
      "mass_scale": 1.0,
      "friction_range": [
        0.4,
        0.6
      ]
    },
    "integrator": "euler"
  },
  "metrics": {
    "run_id": "batch_da3724c89f06__default__ep0",
    "steps": 10,
    "dt": 0.01,
    "num_joints": 4,
    "avg_step_time_ms": 0.006580352783203125,
    "total_time_s": 6.580352783203125e-05,
    "q_plugin_used": false,
    "use_residual": false,
    "reality_profile": "default",
    "end_effector_position": [
      0.44980869481836006,
      0.0,
      0.1630078435818921
    ],
    "total_joint_travel_rad": 0.0373,
    "physics_engine": "pybullet"
  },
  "timeline": [
    {
      "step": 0,
      "t": 0.01,
      "state": {
        "base_position": [
          0.0,
          0.0,
          0.0
        ],
        "joint_positions": [
          0.0002601837898882506,
          0.00046664807324198724,
          0.00038648072059752607,
          0.0001625634241211428
        ],
        "joint_velocities": [
          0.02601837898882506,
          0.046664807324198726,
          0.038648072059752604,
          0.01625634241211428
        ],
        "link_positions": [
          [
            0.14999999492282967,
            0.0,
            0.1500390275680429
          ],
          [
            0.26999996322575764,
            0.0,
            0.15012624738393907
          ],
          [
            0.3699999012525186,
            0.0,
            0.1502375786193133
          ],
          [
            0.4499998361381439,
            0.0,
            0.15033964867224858
          ]
        ],
        "end_effector": [
          0.4499998361381439,
          0.0,
          0.15033964867224858
        ]
      },
      "observation": {
        "imu_acc": -0.006669064705768038,
        "camera_val": 0.0020540470951822824
      },
      "action": {
        "joint_targets": [
          0.32620836244765616,
          0.5850652874147283,
          0.4845545644402282,
          0.20381572733342881
        ]
      },
      "q_plugin_used": false,
      "step_time_ms": 0.01621246337890625
    },
    {
      "step": 1,
      "t": 0.02,
      "state": {
        "base_position": [
          0.0,
          0.0,
          0.0
        ],
        "joint_positions": [
          0.0009429774502213167,
          0.0014422869433684345,
          0.0010008066644969767,
          0.0002508369411549532
        ],
        "joint_velocities": [
          0.06827936603330662,
          0.09756388701264472,
          0.06143259438994506,
          0.008827351703381038
        ],
        "link_positions": [
          [
            0.14999993330951955,
            0.0,
            0.15014144659657064
          ],
          [
            0.26999959194050777,
            0.0,
            0.1504276780523829
          ],
          [
            0.369999018667195,
            0.0,
            0.15076628451114327
          ],
          [
            0.44999848958378635,
            0.0,
            0.1510572365096731
          ]
        ],
        "end_effector": [
          0.44999848958378635,
          0.0,
          0.1510572365096731
        ]
      },
      "observation": {
        "imu_acc": -0.006669064705768038,
        "camera_val": 0.0020540470951822824
      },
      "action": {
        "joint_targets": [
          0.5359705887216668,
          0.6491261721263384,
          0.29475103323801555,
          -0.08931957452405165
        ]
      },
      "q_plugin_used": false,
      "step_time_ms": 0.007867813110351562
    },
    {
      "step": 2,
      "t": 0.03,
      "state": {
        "base_position": [
          0.0,
          0.0,
          0.0
        ],
        "joint_positions": [
          0.002165706048480742,
          0.002840008891661759,
          0.0015791068479899788,
          8.394000068880954e-05
        ],
        "joint_velocities": [
          0.12227285982594252,
          0.13977219482933242,
          0.05783001834930021,
          -0.016689694046614363
        ],
        "link_positions": [
          [
            0.14999964822893586,
            0.0,
            0.15032485565332782
          ],
          [
            0.2699981448011514,
            0.0,
            0.15092553893756586
          ],
          [
            0.369995976815086,
            0.0,
            0.1515840163577716
          ],
          [
            0.4499941979263268,
            0.0,
            0.152117513346543
          ]
        ],
        "end_effector": [
          0.4499941979263268,
          0.0,
          0.152117513346543
        ]
      },
      "observation": {
        "imu_acc": 0.006031521939552425,
        "camera_val": 0.0050123885291347954
      },
      "action": {
        "joint_targets": [
          0.6932682794449259,
          0.5526019142364982,
          -0.030335415576752643,
          -0.3176846064449817
        ]
      },
      "q_plugin_used": false,
      "step_time_ms": 0.0057220458984375
    },
    {
      "step": 3,
      "t": 0.04,
      "state": {
        "base_position": [
          0.0,
          0.0,
          0.0
        ],
        "joint_positions": [
          0.003989028369968201,
          0.004465091762424857,
          0.0018733819949161106,
          -0.0003318136929178418
        ],
        "joint_velocities": [
          0.18233223214874594,
          0.16250828707630974,
          0.029427514692613174,
          -0.04157536936066513
        ],
        "link_positions": [
          [
            0.14999880657553227,
            0.0,
            0.15059835266862637
          ],
          [
            0.26999451827224075,
            0.0,
            0.15161283499987435
          ],
          [
            0.36998918545463017,
            0.0,
            0.1526455668543116
          ],
          [
            0.4499851889364148,
            0.0,
            0.15344520861303493
          ]
        ],
        "end_effector": [
          0.4499851889364148,
          0.0,
          0.15344520861303493
        ]
      },
      "observation": {
        "imu_acc": -0.008350434720760696,
        "camera_val": -0.012211325738812655
      },
      "action": {
        "joint_targets": [
          0.7827040406919856,
          0.31937132557460074,
          -0.3414987120920053,
          -0.31568000411975355
        ]
      },
      "q_plugin_used": false,
      "step_time_ms": 0.0050067901611328125
    },
    {
      "step": 4,
      "t": 0.05,
      "state": {
        "base_position": [
          0.0,
          0.0,
          0.0
        ],
        "joint_positions": [
          0.006410923046374705,
          0.006063110684477173,
          0.0017653276139999155,
          -0.0008074417185452419
        ],
        "joint_velocities": [
          0.24218946764065039,
          0.15980189220523158,
          -0.010805438091619515,
          -0.04756280256274001
        ],
        "link_positions": [
          [
            0.14999691751548452,
            0.0,
            0.15096163186975683
          ],
          [
            0.26998758154549196,
            0.0,
            0.15245847709818952
          ],
          [
            0.3699774437462128,
            0.0,
            0.15388236511375375
          ],
          [
            0.44997022719611857,
            0.0,
            0.15495688637295701
          ]
        ],