{
  "run_id": "f2e58f0d-a259-4c81-9465-c71ccc5203e6",
  "steps": 10,
  "avg_step_time_ms": 0.0019550323486328125,
  "total_time_s": 1.9550323486328125e-05,
  "q_plugin_used": false,
  "use_residual": false,
  "reality_profile": null
}