{
  "run_id": "e065927d-107e-4a6e-84f3-b7609720f8b9",
  "steps": 50,
  "avg_step_time_ms": 0.005097389221191406,
  "total_time_s": 0.0002548694610595703,
  "q_plugin_used": false,
  "use_residual": false,
  "reality_profile": null
}