{
  "run_id": "5a7ff82e-6f12-49dc-8e6b-81a0e8249472",
  "steps": 15,
  "dt": 0.01,
  "num_joints": 4,
  "avg_step_time_ms": 0.005181630452473959,
  "total_time_s": 7.772445678710938e-05,
  "q_plugin_used": false,
  "use_residual": false,
  "reality_profile": "default",
  "end_effector_position": [
    0.4491878663402072,
    0.0,
    0.17685026753840824
  ],
  "total_joint_travel_rad": 0.0811,
  "physics_engine": "pybullet"
}