{
  "run_id": "078b2b21-556b-4cb9-b185-e2472df8b6cd",
  "steps": 200,
  "dt": 0.01,
  "num_joints": 4,
  "avg_step_time_ms": 0.019075870513916016,
  "total_time_s": 0.003815174102783203,
  "q_plugin_used": false,
  "use_residual": true,
  "reality_profile": "high_fidelity_lab",
  "end_effector_position": [
    0.37900277554991246,
    0.0,
    0.0
  ],
  "total_joint_travel_rad": 6.0822,
  "physics_engine": "pybullet"
}