{
  "run_id": "batch_478214e4786e__default__ep0",
  "steps": 30,
  "dt": 0.01,
  "num_joints": 4,
  "avg_step_time_ms": 0.011682510375976562,
  "total_time_s": 0.0003504753112792969,
  "q_plugin_used": false,
  "use_residual": false,
  "reality_profile": "default",
  "end_effector_position": [
    0.44141732997063643,
    0.0,
    0.2371521315476844
  ],
  "total_joint_travel_rad": 0.2946,
  "physics_engine": "pybullet"
}