{
  "run_id": "batch_478214e4786e__default__ep1",
  "steps": 30,
  "dt": 0.01,
  "num_joints": 4,
  "avg_step_time_ms": 0.0062465667724609375,
  "total_time_s": 0.00018739700317382812,
  "q_plugin_used": false,
  "use_residual": false,
  "reality_profile": "default",
  "end_effector_position": [
    0.4414610964157967,
    0.0,
    0.23694427928603295
  ],
  "total_joint_travel_rad": 0.2946,
  "physics_engine": "pybullet"
}