{
  "run_id": "9c3b4480-9b68-4873-ae4e-8a2bf98acfdc",
  "steps": 100,
  "dt": 0.01,
  "num_joints": 4,
  "avg_step_time_ms": 0.6217861175537109,
  "total_time_s": 0.062178611755371094,
  "q_plugin_used": true,
  "use_residual": false,
  "reality_profile": "default",
  "end_effector_position": [
    0.4200228357977157,
    0.0,
    0.25806932912122327
  ],
  "total_joint_travel_rad": 2.9391,
  "physics_engine": "pybullet"
}