{
  "run_id": "4a7c8577-ab43-460c-bd0c-7908fa18bdcc",
  "steps": 30,
  "dt": 0.01,
  "num_joints": 4,
  "avg_step_time_ms": 0.009314219156901043,
  "total_time_s": 0.00027942657470703125,
  "q_plugin_used": false,
  "use_residual": false,
  "reality_profile": "default",
  "end_effector_position": [
    0.44141732997063643,
    0.0,
    0.2371521315476844
  ],
  "total_joint_travel_rad": 0.2946,
  "physics_engine": "pybullet"
}