{
  "run_id": "8534ea5d-0973-4494-b3b3-b1b05f1a6c16",
  "steps": 50,
  "avg_step_time_ms": 0.0033044815063476562,
  "total_time_s": 0.0001652240753173828,
  "q_plugin_used": false,
  "use_residual": false,
  "reality_profile": null
}