{
  "run_id": "4c01cff2-7ea4-4549-82a7-43823a766377",
  "steps": 200,
  "dt": 0.01,
  "num_joints": 4,
  "avg_step_time_ms": 0.015097856521606445,
  "total_time_s": 0.003019571304321289,
  "q_plugin_used": false,
  "use_residual": false,
  "reality_profile": "default",
  "end_effector_position": [
    0.3692329724776152,
    0.0,
    0.0
  ],
  "total_joint_travel_rad": 6.1174,
  "physics_engine": "pybullet"
}