{
  "run_id": "8a7ec701-ea99-47ce-a124-32193e4a5afd",
  "steps": 50,
  "avg_step_time_ms": 0.0038957595825195312,
  "total_time_s": 0.00019478797912597656,
  "q_plugin_used": false,
  "use_residual": false,
  "reality_profile": null
}