{
  "run_id": "3d49bad6-186e-4260-b760-a1ca5f898d26",
  "steps": 10,
  "avg_step_time_ms": 0.00247955322265625,
  "total_time_s": 2.47955322265625e-05,
  "q_plugin_used": false,
  "use_residual": false,
  "reality_profile": null
}