{
  "run_id": "07996943-bf26-4511-a813-25dda7334218",
  "steps": 1000,
  "dt": 0.01,
  "num_joints": 4,
  "avg_step_time_ms": 0.014216899871826172,
  "total_time_s": 0.014216899871826172,
  "q_plugin_used": false,
  "use_residual": false,
  "reality_profile": "default",
  "end_effector_position": [
    0.43954881737906504,
    0.0,
    0.12379474842810564
  ],
  "total_joint_travel_rad": 9.1967,
  "physics_engine": "pybullet"
}