{
  "run_id": "33a60b27-283b-4db2-837e-18271add495a",
  "steps": 50,
  "dt": 0.01,
  "num_joints": 4,
  "avg_step_time_ms": 0.011239051818847656,
  "total_time_s": 0.0005619525909423828,
  "q_plugin_used": false,
  "use_residual": false,
  "reality_profile": "default",
  "end_effector_position": [
    0.4133842976723413,
    0.0,
    0.32753247198790325
  ],
  "total_joint_travel_rad": 0.7246,
  "physics_engine": "pybullet"
}