{
  "run_id": "660de884-1cac-4f6f-8108-ffe41179fb54",
  "steps": 50,
  "avg_step_time_ms": 0.0041675567626953125,
  "total_time_s": 0.00020837783813476562,
  "q_plugin_used": false,
  "use_residual": false,
  "reality_profile": null
}