{
  "run_id": "3497b777-8264-4382-9efb-d5e4260674ba",
  "steps": 15,
  "dt": 0.01,
  "num_joints": 4,
  "avg_step_time_ms": 0.006500879923502604,
  "total_time_s": 9.751319885253906e-05,
  "q_plugin_used": false,
  "use_residual": false,
  "reality_profile": "default",
  "end_effector_position": [
    0.4491878663402072,
    0.0,
    0.17685026753840824
  ],
  "total_joint_travel_rad": 0.0811,
  "physics_engine": "pybullet"
}