{
  "run_id": "2a278a1a-1c5d-4977-8e83-70c163a5b932",
  "steps": 20,
  "dt": 0.01,
  "num_joints": 4,
  "avg_step_time_ms": 0.006043910980224609,
  "total_time_s": 0.00012087821960449219,
  "q_plugin_used": false,
  "use_residual": false,
  "reality_profile": "default",
  "end_effector_position": [
    0.44777743043647217,
    0.0,
    0.19443731674736817
  ],
  "total_joint_travel_rad": 0.1396,
  "physics_engine": "pybullet"
}