{
  "run_id": "836b9fb9-b982-441f-a2c1-43ae8d6daae8",
  "steps": 50,
  "avg_step_time_ms": 0.0023698806762695312,
  "total_time_s": 0.00011849403381347656,
  "q_plugin_used": false,
  "use_residual": false,
  "reality_profile": null
}