{
  "run_id": "b06e4b49-3e48-44c8-bc71-ae2708d34fca",
  "steps": 100,
  "dt": 0.01,
  "num_joints": 4,
  "avg_step_time_ms": 0.011491775512695312,
  "total_time_s": 0.0011491775512695312,
  "q_plugin_used": false,
  "use_residual": false,
  "reality_profile": "default",
  "end_effector_position": [
    0.37658918451383766,
    0.0,
    0.3913080886182611
  ],
  "total_joint_travel_rad": 2.2322,
  "physics_engine": "pybullet"
}