{
  "run_id": "6493fbac-e1ec-4fde-a287-fdcc951106be",
  "steps": 50,
  "avg_step_time_ms": 0.005931854248046875,
  "total_time_s": 0.00029659271240234375,
  "q_plugin_used": false,
  "use_residual": false,
  "reality_profile": null
}