{
  "run_id": "526022cf-ce2c-495f-8532-840d3b0d0362",
  "steps": 15,
  "dt": 0.01,
  "num_joints": 4,
  "avg_step_time_ms": 0.006008148193359375,
  "total_time_s": 9.012222290039062e-05,
  "q_plugin_used": false,
  "use_residual": false,
  "reality_profile": "default",
  "end_effector_position": [
    0.4491878663402072,
    0.0,
    0.17685026753840824
  ],
  "total_joint_travel_rad": 0.0811,
  "physics_engine": "pybullet"
}