{
  "run_id": "8d3f5b83-5d89-4219-a484-015936fff180",
  "steps": 10,
  "avg_step_time_ms": 0.0015735626220703125,
  "total_time_s": 1.5735626220703125e-05,
  "q_plugin_used": false,
  "use_residual": false,
  "reality_profile": null
}