{
  "run_id": "batch_da3724c89f06__slippery_warehouse__ep0",
  "steps": 10,
  "dt": 0.01,
  "num_joints": 4,
  "avg_step_time_ms": 0.005745887756347656,
  "total_time_s": 5.745887756347656e-05,
  "q_plugin_used": false,
  "use_residual": false,
  "reality_profile": "default",
  "end_effector_position": [
    0.44980869481836006,
    0.0,
    0.1630078435818921
  ],
  "total_joint_travel_rad": 0.0373,
  "physics_engine": "pybullet"
}